name,id
Oxford University Press,1
HarperFlamingo Canada,2
HarperPerennial,3
Farrar Straus Giroux,4
W. W. Norton & Company,5
Putnam Pub Group,6
Berkley Publishing Group,7
Audioworks,8
Random House,9
Scribner,10
Emblem Editions,11
Citadel Press,12
House of Anansi Press,13
Mira Books,14
Health Communications,15
Brilliance Audio - Trade,16
Kensington Publishing Corp.,17
River City Pub,18
Dell,19
Plume,20
Three Rivers Press,21
Ryland Peters & Small Ltd,22
Cypress House,23
HarperEntertainment,24
Scholastic,25
Aladdin,26
Too Far,27
Ballantine Books,28
Random House Trade Paperbacks,29
L\C3?Â¼bbe,30
Goldmann,31
Alfred A. Knopf,32
Little Brown & Company,33
Harpercollins,34
Avon,35
Bantam,36
Fireside,37
HarperTorch,38
Bantam Books,39
Pocket,40
Tor Books,41
Tyndale House Publishers,42
HarperCollins Publishers,43
Harvest Books,44
Chambers Harrap Publishers Ltd,45
Avon Books,46
Speed Graphics,47
Sunflower Press,48
Laurel Leaf,49
Gallimard,50
Prentice Hall (K-12),51
NTC/Contemporary Publishing Company,52
St. Martin's Press,53
1stBooks Library,54
Avon Trade,55
Penguin Books,56
Signet Book,57
Thomas Nelson,58
Ace Books,59
Landoll,60
Knopf,61
Andrew Scott Publishers,62
Atlantic Monthly Press,63
Hodder & Stoughton General Division,64
Simon & Schuster (Trade Division),65
Perennial,66
McGraw-Hill,67
Bantam Doubleday Dell,68
"Little, Brown",69
Minotauro,70
Distribooks,71
Back Bay Books,72
Doubleday Books,73
Warner Books,74
Vintage,75
Hyperion,76
Tusquets,77
Star Trek,78
Pocket Star,79
Tor Books (Mm),80
Harper Mass Market Paperbacks (Mm),81
Warner Books (Mm),82
Onyx Books,83
Free Press,84
Thomas Nelson Inc,85
Edicoes Asa,86
Pan Macmillan,87
Anchor,88
W.W. Norton & Company,89
Arcadia Books,90
"John Hunt Publishing, Ltd.",91
Fawcett Books,92
Alianza,93
Downtown Book Center,94
Trafalgar Square,95
Delta,96
Laure Leaf,97
Love Spell,98
Penguin Books Ltd,99
Roc,100
Tor Fantasy,101
Harpercollins Publisher,102
Mariner Books,103
Picador (UK),104
Dover Publications,105
Simon Pulse,106
Nelson Books,107
Regal Books,108
Del Rey Books,109
Spectra,110
"Philipp Reclam, Jun Verlag GmbH",111
Diogenes,112
Diogenes Verlag,113
Distribooks Inc,114
Deutscher Taschenbuch Verlag (DTV),115
Dtv,116
"Droemersche Verlagsanstalt Th. Knaur Nachf., GmbH & Co.",117
Heyne,118
Kiepenheuer & Witsch,119
Piper,120
"Rowohlt, Reinbek",121
Rowohlt Tb.,122
Suhrkamp,123
Ullstein Tb,124
"Bertelsmann, M\C3?Â¼nchen",125
"Fischer (Tb.), Frankfurt",126
St Martins Pr,127
Bantam Dell Pub Group,128
Doubleday,129
Delacorte Books for Young Readers,130
Island,131
Warner Vision,132
Plume Books,133
Jove Books,134
Atria,135
University of Nebraska Press,136
Ivy Books,137
Regan Books,138
Harcourt,139
Vintage Books USA,140
Dutton Books,141
Delta Systems,142
HarperCollins,143
HarperFestival,144
HarperPrism,145
HarperTempest,146
St. Martin's Griffin,147
Orb Books,148
Harlequin,149
Modern Library,150
Knopf Books for Young Readers,151
William Morrow,152
Wendy Lamb Books,153
Random House Inc,154
Push,155
Signet Classics,156
Signet,157
Faber Faber Inc,158
Viking Juvenile,159
Simon & Schuster,160
Touchstone,161
Egmont Childrens Books,162
Dreamhaven Books,163
DC Comics,164
Dark Horse Comics,165
Alpha Books,166
Farrar Straus & Giroux,167
Dell Publishing Company,168
Riverhead Books,169
University of California Press,170
Spectra Books,171
Viking Books,172
Hackett Pub Co Inc,173
W W Norton & Co,174
Washington Square Press,175
Scholastic Paperbacks (Mm),176
Harpercollins Juvenile Books,177
Starfire,178
Last Knight Pub Co,179
Del Rey,180
Eos,181
St. Martin's Paperbacks,182
Columna,183
Viking Children's Books,184
Delacorte Press,185
Reader's Digest,186
"Editores Mexicanos Unidos, S.A.",187
Quill (HarperCollins),188
Anagrama,189
Douglas Gibson Books,190
McClelland & Stewart,191
Arcade Publishing,192
Fischer Taschenbuch Verlag GmbH,193
Access Press (HarperCollins),194
John Wiley & Sons Inc,195
Penguin USA (Paper),196
Scribner Paper Fiction,197
Pocket Books,198
Readers Digest Assn,199
Broadway Books,200
F. H. Revell,201
Baker Book House,202
W Publishing Group,203
NavPress,204
Pub Group West,205
YWAM Publishing,206
F.J. Moody,207
Emmaus Road Intl,208
Puffin Books,209
Castle Books,210
Llewellyn Publications,211
Harper Collins - UK,212
Silhouette,213
Penguin USA,214
Fawcett,215
University Press of America,216
Globe Pequot Pr,217
New York Review of Books,218
Artisan Publishers,219
Amber-Allen Publishing,220
Plaza & JanÃ©s,221
Destino,222
Lectorum Pubns (J),223
Edicions 62,224
"Editiones B, Grupo Zeta",225
Laia,226
Editorial Laia,227
Edicions de la Magrana,228
Editorial EmpÃºries,229
Area,230
Ediciones Temas de Hoy,231
Salamandra,232
Hal Leonard Corp,233
Ediciones B,234
Dial Books,235
Bantam Dell Publishing Group,236
Jump at the Sun,237
I Books,238
Wizards of the Coast,239
Cornell University Press,240
Troll Communications Llc,241
Price Stern Sloan,242
Playmore Inc. Publishers,243
National Geographic Society,244
Kidsbooks.Com,245
HarperTrophy,246
Soho Press,247
Nan A. Talese,248
Owl Books,249
Readers Digest,250
Simon Schuster Trade,251
Image,252
Andrews McMeel Publishing,253
Houghton Mifflin Company,254
MacMillan Publishing Company.,255
Picador USA,256
Putnam Publishing Group,257
Random House Value Publishing,258
Villard Books,259
Morehouse Group,260
Ecco Press,261
Cowley Publications,262
White Pine Press (NY),263
Fabbri - RCS Libri,264
Edizioni E/O,265
Puffin,266
Harvard University Press,267
Saunders College Publishing,268
Houghton Mifflin,269
Schocken Books,270
Watson-Guptill Publications,271
Random House Canada,272
Thomas Dunne Books,273
Little Brown & Co,274
Noble House,275
Atria Books,276
Winedale Publishing,277
Pinnacle Books,278
Grove Press,279
Editech Pr,280
WestBow Press,281
Henry Holt & Company,282
Hyperion Books,283
Thorndike Pr,284
Zebra Books,285
Golden Books Publishing Company,286
Yearling,287
Apple Signature (Scholastic),288
"Scholastic, Inc.",289
Golden Books,290
Crabtree Publishing Company,291
Inner Ocean Publishing,292
St. Martin's Minotaur,293
Scholastic Inc,294
Albert Whitman & Company,295
Broadway,296
Childrens Press,297
Putnam Pub Group (Paper),298
Griffin Trade Paperback,299
David R. Godine Publisher,300
New Directions Publishing Corporation,301
Jossey-Bass,302
Feltrinelli,303
HarperSanFrancisco,304
Multnomah,305
Beacon Press,306
Harper Mass Market Paperbacks,307
MacAdam/Cage Publishing,308
LGF,309
Gallimard French,310
Livre De Poche French,311
Presses Pocket French,312
Livre de Poche,313
J'ai lu,314
Rowohlt,315
Lamuv,316
O. W. Barth Bei Scherz,317
Palgrave-Macmillan,318
Aufbau Taschenbuch Verlag,319
btb,320
Crown,321
William Morrow & Company,322
Everyman's Library,323
Harmony,324
Sourcebooks Landmark,325
Little Brown and Company,326
Michael Joseph Ltd,327
Seuil,328
Bloomsbury Pub Ltd,329
Penguin Putnam~trade,330
Lomond Books,331
Faber Children's Books,332
Abacus,333
Michael O'Mara Books,334
Trafalgar Square Books,335
Dargaud,336
Southwater Publishing,337
Brockhampton Press,338
Union gÃ©nÃ©rale d'Ã©ditions,339
Canongate Books Ltd,340
Celestial Arts,341
Routledge,342
Bloomsbury Publishing PLC,343
Firebrand Books,344
Windstorm Creative,345
Akashic Books,346
New Amer Library,347
Alyson Books,348
Rising Tide Press (AZ),349
Alyson Publications,350
Press Gang Publishers,351
Crimeline,352
Stonewall Inn Editions,353
Random House Children's Books,354
Miramax,355
Random House Childrens Books,356
Laurel-Leaf Books,357
Del Sol Press,358
Wings,359
Manning Publications,360
Ferguson Publishing Company,361
Einaudi,362
Ohio University Press,363
Hyperion Books for Children,364
Magic Carpet Books,365
Pleasant Company Publications,366
Scholastic Paperbacks,367
John F. Blair Publisher,368
Monarch Books,369
Flammarion,370
Phoenix Books,371
Hyperion Press,372
Cambridge University Press,373
Amereon Limited,374
Hill & Wang,375
Red Dress Ink,376
Anchor Pub,377
Four Walls Eight Windows,378
Steeple Hill,379
Ten Speed Pr,380
Reston Pub. Co,381
Word Publishing,382
G. P. Putnam's Sons,383
W. Morrow,384
Teamcom Books,385
Gulf Publishing Company,386
Dearborn Financial Publishing,387
Main Street Books,388
"Random House, Inc.",389
Adams Media Corp,390
Mysterious Press,391
Mira,392
Harpercollins Library,393
Sagebrush Bound,394
W W Norton & Co Inc,395
Picador,396
New English Library,397
Pearson Education,398
Diamond Books (NY),399
Yearling Books,400
Forge Books,401
Pantheon Books,402
Infinity Publishing.com,403
Buy Books on the web.com,404
Infinity Publishing (PA),405
Pantheon,406
Epicenter Press,407
Bantam Classics,408
Ravensburger Buchverlag Otto Maier GmbH,409
Black Sparrow Books,410
Pages Publishing Group,411
Point Fantasy,412
AuthorsOmniscient Publishers,413
Random House Books for Young Readers,414
Chatto & Windus,415
Hackett Publishing Company,416
Workman Pub. Co,417
Barnes Noble Books,418
Houghton Mifflin Co,419
Natl Book Network,420
Harry N Abrams,421
Quest Books,422
The Lyons Press,423
Sterling Publishing,424
Shambhala,425
Hanser,426
Penguin Putnam~mass,427
Candlewick Press (MA),428
Girl Press,429
Atheneum,430
MTV,431
Baldini&Castoldi,432
Aufbau Tb,433
Deutscher Taschenbuch Verlag,434
Taschen Verlag,435
Berkley Pub Group,436
Forge,437
Bull Publishing Company,438
Fodor's,439
New Chapter Press,440
Smithmark Pub,441
Everyman Paperback Classics,442
"Diogenes Verlag, Z\C3?Â¼rich",443
Faber & Faber,444
British Film Institute,445
Zondervan,446
Zondervan Publishing Company,447
Harpercollins Uk,448
Ecco,449
Pan,450
Beltz,451
Not Avail,452
Klett-Cotta,453
Sauerl\C3?Â¤nder,454
Biting Dog Publications,455
Editions 10/18,456
Henry Holt & Co,457
Penguin/Puffin Mass Market (Mm),458
Workman Publishing,459
Marvel Books,460
Modern Publishing,461
Kriya Yoga Publications,462
Metropolitan Books,463
University of New Mexico Press,464
Elephant Paperbacks,465
Turner Pub,466
Daw Books,467
Distributors,468
Time Warner Books UK,469
Scholastic Press,470
Scholastic Point,471
The Medici Society Ltd,472
Award Publications,473
Gollancz,474
WaterBrook Press,475
Moody Publishers,476
University of Toronto Press,477
Baen,478
UMP,479
H.J. Kramer,480
Speak,481
North Atlantic Books,482
Kamapua'a Press,483
Bridge Publications,484
Skylark,485
Moderne Verlagsges. Mvg,486
Eichborn,487
Leisure Arts,488
Nelson Bibles,489
Bob Jones Univ Pr,490
LanctÃ´t Ã©diteur,491
Small Beer Press,492
Feminist Press,493
Thomas Nelson Publishers,494
New American Library,495
New Amer Library Classics,496
Vintage Books,497
Times Books,498
Colleccion Millenium,499
State University of New York Press,500
Basic Books,501
Perseus Books Group,502
Noonday Press,503
Clarkson N Potter Publishers,504
Columbia University Press,505
Scarlet Books,506
New Amer Library (Mm),507
Bet Books,508
Gustav Lubbe Verlag GmbH,509
Deno\C3?Â«l,510
Gl\C3?Â©nat,511
Presses de la Cit\C3?Â©,512
Presses De La Cite French,513
Advance Publishers LLC,514
Barron's Educational Series,515
Replica Books,516
Orchard Books,517
Continental Book Company,518
Audio Renaissance,519
Prentice Hall,520
Smithsonian Inst Pr,521
Univ of Nebraska Pr,522
Harvill Press,523
Chronicle Books Llc,524
Publications International,525
Story Line Press,526
Anchor Books/Doubleday,527
For Dummies,528
Workman Pub Co,529
Hawks Flight & Association,530
Listen & Live Audio,531
City Lights Publishers,532
Bedford Books,533
Hobblebush Books,534
USCCB,535
Our Sunday Visitor,536
US,537
Ignatius Press,538
Broadman & Holman Pub,539
Kensington Publishing Corporation,540
Rizzoli Publications,541
Distribooks Int'l+inc,542
Thorndike Press,543
Stoddart Kids,544
Bridge Pubns,545
Little Brown UK Ltd,546
Photografix,547
Beaver's Pond Press,548
Perigee Trade,549
Btb Bei Goldmann,550
Oxford Univ Pr,551
Graywolf Press,552
New York Review Children's Collection,553
Random House UK Ltd (A Division of Random House Group),554
University of Queensland Pr (Australia),555
Galahad,556
Authors Choice Press,557
Intl Specialized Book Service Inc,558
Zondervan Publishing House,559
Diamond Communications,560
"Graham, Billy Evangelistic Association",561
Black Classic Press,562
Harper & Row,563
Random House (Merchandising),564
Mason/Charter,565
Orca Book Publishers,566
Good News Pub,567
University of Minnesota Press,568
Sybex Inc,569
Book Sales,570
Leisure Books,571
Guinness Records,572
Thomson Texere,573
Chrysalis Books,574
Financial Times/Prentice Hall,575
McGraw-Hill/Irwin,576
John Wiley & Sons,577
Black Dog & Leventhal Publishers,578
Flamingo,579
Weiser Books,580
Fair Winds Press,581
Penguin Putnam~childrens Hc,582
"Alfaguara Ediciones, S.A. (Spain)",583
Ediciones Lengua de Trapo,584
Klett,585
Starscape Books,586
"Farrar, Straus and Giroux",587
Perennial Currents,588
Miramax Kids,589
Writer's Digest Books,590
Peachpit Press,591
Perigee Books,592
Random House Value Pub,593
Grosset & Dunlap,594
VIZ LLC,595
Pan Books Ltd,596
HarperCollinsPublishers,597
"Plaza & Janes Editores, S.A.",598
Dorling Kindersley,599
Warner Books> C/o Little Br,600
Barnes & Noble Books-Imports,601
Overlook Press,602
Harperaudio,603
Lexington-Marshall Pub.,604
Tor Classics,605
Anchor Canada,606
Mandarin,607
"Acacia Press, Inc.",608
Ebury Press,609
BBC Consumer Publishing,610
Edhasa,611
Aspect,612
Time-Life Books,613
Inner Traditions International,614
Santillana USA Publishing Company,615
Alfaguara,616
Simon Spotlight Entertainment,617
Suma de Letras,618
Arthur A. Levine Books,619
Harlequin Books SA,620
Dorling Kindersley Publishing,621
Harlequin Enterprises Limited,622
Zebra/pinnacle Books,623
Baldini & Castoldi,624
Punto de Lectura,625
Scott Foresman (Pearson K-12),626
A Different Voice Publishing Co.,627
Bison,628
Reader's Digest Association,629
Editions 84,630
Rivages,631
Sudamericana,632
Ediciones Catedra S.A.,633
Audio Literature,634
Winepress Publishing,635
Pelanduk Publications,636
Crown Business,637
ACE Charter,638
American Psychiatric Association,639
Robert Rose,640
Starscape,641
Liveright Publishing Corporation,642
McGraw-Hill Humanities/Social Sciences/Languages,643
Clearbridge Publishing,644
Souvenir Press,645
Tuttle Publishing,646
Random House Uk Ltd,647
Hodder Headline Australia,648
Methuen Publishing Ltd,649
Random House Children's Books (A Division of Random House Group),650
Scherz,651
Midena,652
Writer's Showcase Press,653
Maverick Publications,654
Barbour Publishing,655
Waterbrook Press,656
Kodansha America,657
New Harbinger Publications,658
Gotham Books,659
Michael Joseph,660
Heinemann,661
Phoenix mass market p/bk,662
Hodder Arnold Teach Yourself,663
Gramercy,664
Pearson Higher Education,665
Prentice Hall Art,666
Highbridge Audio,667
Algonquin Books of Chapel Hill,668
Cumberland House Publishing,669
Career Press,670
Alemany Press,671
Jeremy P. Tarcher,672
Orbit Book Co.,673
Downtown Press,674
Globe Fearon,675
Booksource,676
Scholastic Library Pub,677
AVON,678
Longstreet Press,679
Living Books,680
J. Laughlin,681
InterVarsity Press,682
Judy Piatkus Publishers Ltd,683
Universale Economica Feltrinelli,684
Time Warner Audio Major,685
Notrya Editora,686
NÃ³rdica,687
Rocco,688
Historia 16,689
Gramercy Books,690
Peter Bedrick Books,691
Parkgate Books,692
Routledge & K. Paul,693
Fulcrum Publishing,694
Parkwest Publications,695
Firefly Books Ltd,696
Transworld Publishers Ltd,697
Dalesman Publishing Company Ltd,698
Saturday Review Press,699
Ramparts Press,700
South End Press,701
University of Chicago Press,702
New Press,703
Alternate Sources,704
Haworth Press,705
Random House Audio,706
Hay House,707
Penguin Putnam,708
New World Library,709
HarperAudio,710
McGraw Hill - NTC,711
Carol Pub Group,712
Bulfinch Press,713
Bhaktivedanta Book Trust,714
Brooks Cole,715
W.H. Freeman & Company,716
Educational Development Corporation,717
Meadowbrook,718
Horizon,719
Penguin Putnam Books for Young Readers,720
Jones & Bartlett Pub,721
W H Freeman & Co,722
"Family CareWare, Inc.",723
B.T. Batsford,724
Chess Enterprises,725
Nuova Eri Rizzoli,726
Random House Large Print,727
Pond Publishing,728
Hoffmann & Campe,729
Edaf,730
Planeta Pub Corp,731
Valdemar,732
Grupo Zeta,733
Debate,734
Ediciones SM,735
Apple,736
Adams Media Corporation,737
Signet Books,738
University of North Carolina Press,739
Mountaineers Books,740
Skylark Books,741
John M. Hardy,742
Macromedia Press,743
Warner Forever,744
Morrow Cookbooks,745
ReganBooks,746
Currency,747
Consortium Book Sales & Dist,748
Wildcat Canyon Press,749
Frog Ltd.,750
Landowner Planning Center,751
Simon & Schuster Children's Publishing,752
Lectorum Publications,753
University of Illinois Press,754
Dawnsign Press,755
Deaf Life Press,756
Temple University Press,757
Holt Rinehart and Winston,758
Real Comet Press,759
Weatherhill Inc.,760
"Linstok Press, Incorporated",761
Thorsons Publishers,762
Healing Art Press,763
Bookking International,764
Actes Sud,765
Le Livre de Poche,766
Donning Company Publishers,767
Independent Pub Group,768
Guernica Editions,769
Xlibris Corporation,770
Editions QuÃ©bec/AmÃ©rique,771
"Carhil Ventures, LLC",772
DAW Books,773
Diogenes Verlag AG,774
Llewellyn Pubns,775
"Morgan & Morgan, Inc.",776
distributed by Houghton Mifflin,777
Integrity Publishers,778
Revell,779
"Red Sage Publishing,Inc",780
Collier Books,781
Dorset Press,782
Pan Publishing,783
McFarland & Company,784
Yale University Press,785
Writings of Mary Baker Eddy,786
University of Washington Press,787
University of Hawaii Press,788
University of Georgia Press,789
University of Massachusetts Press,790
Arte Publico Press,791
Houghton Mifflin College,792
Publicacoes Europa-America,793
Seal Press (WA),794
Publishamerica,795
Walk Worthy Press,796
Christian Publications,797
Bethany House Publishers,798
Upfront Publishing,799
Ullstein TB-Vlg,800
"Wilhelm Goldmann Verlag, GmbH",801
Claassen Verlag,802
"Kiepenheuer & Witsch GmbH & Co. KG, Verlag",803
Gulliver Books Paperbacks,804
Selldowns/no More Orders,805
Baen Books,806
Simon & Schuster Books,807
Fourth Estate Ltd,808
Troll Communications,809
Plough Publishing House,810
Teri Woods Publishing,811
Durkin Hayes Publishing Ltd.,812
Deseret Book Company,813
Simon Spotlight,814
Obelisco,815
Prime Crime,816
Macmillan Pub Co,817
Chelsea Green Publishing Company,818
Thames & Hudson,819
Great Quotations,820
10x18,821
Fischer Taschenbuch Verlag,822
Van Nostrand Reinhold/co Wiley,823
TSR,824
PublicAffairs,825
DaCapo Press,826
Fromm Intl,827
"Short Books, London",828
McGraw-Hill/Dushkin,829
Arbor House Pub Co,830
BBS Publishing Corporation,831
Baldini e Castoldi,832
Wunderlich im Rowohlt,833
"Heyne GmbH & Co. KG, Verlag",834
Bloomsbury,835
St Martins Press,836
Storey Books,837
SunShine Press Publications,838
Owl Books (NY),839
Macmillan Pub Ltd,840
Adelphi,841
"Farrar, Straus and Giroux (BYR)",842
Sweet Valley,843
American Girl,844
Kids Books Inc,845
Little Apple,846
Maverick Books,847
North Point Press,848
Editorial Laertes,849
HCI Teens,850
Greenery Press (CA),851
Sybex,852
Plaza & JanÃ©s Editores,853
Scribner Book Company,854
Triumph Books,855
Caminho,856
Phaidon Press,857
Conari Press,858
Tor Science Fiction,859
Worldwide Library,860
"iUniverse, Inc.",861
The Penguin Press HC,862
Paul Dry Books,863
Hill and Wang,864
Robin Book,865
"Espasa Calpe Mexicana, S.A.",866
Santillana Publishing Co Inc,867
Mercure de France,868
B. Grasset,869
Lgf,870
Jouvence,871
Pocket (FR),872
Counterpoint Press,873
Prima Lifestyles,874
Random House~trade,875
Orion mass market paperback,876
Ten Speed Press,877
Dial Press,878
Naval Institute Press,879
Greenhill Books,880
Montana Historical Society,881
Scarborough House Publishers,882
French & European Pubns,883
Random House Trade,884
Thames and Hudson,885
Franklin Watts,886
Bedford/St. Martin's,887
Da Capo Press,888
Dk Pub,889
MJF Books,890
Research & Education Association,891
Prelude Press,892
W. SÃ¶derstrÃ¶m,893
Chronicle Books,894
Southwest Parks & Monuments Association,895
Faber Paperbacks,896
Lethe Press,897
Little Brown Company,898
Sceptre,899
R. Laffont,900
Penguin Uk,901
Emece Editores,902
Mondadori (IT),903
Barnes Noble,904
Seven Stories Press,905
Grove/Atlantic,906
Amereon Ltd,907
Greenwillow,908
Fourth Estate,909
Running Press Book Publishers,910
Loveswept,911
Transworld Publishers (Division of Random House Australia),912
Astran Inc,913
J.M. Dent & Sons,914
Bard Press (TX),915
Fitzhenry & Whiteside Limited,916
Rodale Press,917
Ultramarine Pub Co,918
H. Hamilton,919
Stoddart,920
Domain,921
Oetinger Verlag,922
American Philological Association,923
Shelter Publications,924
Odyssey Classics,925
Tusquets Editores,926
Huerga & Fierro,927
G\C3?Â¼tersloher Verlagshaus,928
Arango Editores,929
Carl Hanser,930
Droemer Knaur,931
Eos (HarperCollins),932
Headline,933
Orion,934
Lb May & Assoc Inc,935
Sagebrush Education Resources,936
Addison-Wesley Pub Co (Sd),937
Editions du Ch\C3?Âªne,938
"Henry Holt & Company, Inc.",939
Fodor's Travel Publications,940
Editorial Barcanova,941
Mateos Ediciones,942
La Campana,943
Courage Books,944
Disney Pr,945
Brimax Books Ltd,946
Unicorn Publishing House,947
"Unicorn Publishing House, The Incorporated",948
Rutledge Hill Press,949
Glowworm Books Ltd,950
Macmillan General Reference,951
Park Lane,952
Anvil Press,953
Three Rivers Press (CA),954
Chicago Review Press,955
Philomel Books,956
Doubleday Books for Young Readers,957
Grafton Books,958
Pelican Publishing Company,959
Hodder & Stoughton,960
Berkley Pub Group (Mm),961
Ediciones Urano,962
Price Stern Sloan Pub (J),963
Key Porter Books,964
Princeton University Press,965
Lonely Planet Publications,966
Iowa State Press,967
Tyndale Kids,968
Broadview Press,969
Coconut Info,970
Promise Press,971
Longman,972
Turnkey Press,973
Douglas & McIntyre,974
Random House Childrens Pub,975
Sirio,976
Piramide,977
Destino Ediciones,978
Summit Books,979
A. J. Muste Memorial Institute,980
Canongate Books,981
Scholastic Paperbacks (T),982
Amistad,983
Meisha Merlin Pub,984
Vintage Canada,985
Perseus Publishing,986
Johns Hopkins University Press,987
Writers Club Press,988
Warner Books Inc,989
HarperBusiness,990
Invincible Books,991
Cliffs Notes,992
Octopus Publising Group Plc,993
Herald Press (PA),994
Santillana S.A.,995
Walker & Company,996
Planeta,997
Edicions El Jonc,998
Virus,999
"Editorial Planeta, S.A.",1000
Omega,1001
Trafalgar Square Publishing,1002
Monarch Notes,1003
Alfaguara/Santillana USA,1004
"Editorial Planeta, S.A. (Barcelona)",1005
Akanos,1006
Vital Issues Press,1007
Harvest House Publishers,1008
Ulverscroft Large Print,1009
Warner Business Books,1010
Franckh-Kosmos Verlag,1011
Heinemann Educational Books - Secondary Division,1012
Learning Curve,1013
Harper Row,1014
Howell Books,1015
Akirim Press,1016
Thomson Learning,1017
Lyre-Bird Books,1018
Sasquatch Books,1019
Shadow Mountain,1020
Editorial Seix Barral,1021
Paraclete Press (MA),1022
Gary & Gloria Meier,1023
Nijgh & Van Ditmar,1024
Orbit Book Co,1025
Vahlen,1026
BRAVA,1027
Masthof Pr,1028
August House Pub Inc,1029
Ammann,1030
Beck,1031
Mitteldeutscher Verlag,1032
Janus,1033
McGraw-Hill Companies,1034
Viking,1035
HarperResource,1036
McGraw-Hill Trade,1037
Free Software Foundation,1038
Wiley,1039
O'Reilly,1040
University of Pennsylvania Press,1041
Garrett County Press,1042
Viking Penguin,1043
A. Mondadori,1044
W.W. Norton & Company Ltd,1045
Addison-Wesley Pub Co,1046
La Table ronde,1047
Brooking International,1048
Fair Oaks Press,1049
Prometheus Books,1050
Deadwood Pub Ltd,1051
Harcourt Childrens Books,1052
Travelers' Tales Guides,1053
Kensington Pub Corp,1054
Kensington Pub Corp (Mm),1055
Brazos Press,1056
Servant Publications,1057
Saint Anthony Messenger Press and Franciscan,1058
Island Nation Press,1059
Hampton Roads Publishing Company,1060
J. S. Sanders and Company,1061
Hamish Hamilton,1062
Stylus Pub Llc,1063
Child's Play International Ltd,1064
Ragged Bears,1065
PLUTO PRESS,1066
Havill Pr,1067
Murdoch Books UK,1068
Addison Wesley Publishing Company,1069
Carroll & Graf Publishers,1070
Everymans Library,1071
Delta Trade Paperbacks,1072
Arkana,1073
Vermilion,1074
Distributed by Sterling Pub,1075
Bookmart,1076
Parragon Publishing,1077
Meredith Books,1078
Pitman,1079
Chelsea House Pub,1080
Time Warner Paperbacks,1081
Pattloch,1082
Denlingers Pub Ltd,1083
Belknap Press,1084
Odonian Press,1085
Parallax Press,1086
International Marine/Ragged Mountain Press,1087
Allison & Busby,1088
Hodder Wayland,1089
STRAPLESS,1090
Deuticke,1091
Schneekluth,1092
Black Swan,1093
Deutsche Verlags-Anstalt,1094
Goldmann Verlag,1095
Rowholt Verlag Gmbh,1096
UGE 10/18,1097
Hatje Cantz Publishers,1098
Coastal Carolina Press,1099
Bell Pub. Co.,1100
Macmillan Computer Pub,1101
Cisco Press,1102
Beaufort Books Inc,1103
Andres Bello,1104
Nbm Pub Co,1105
Authorhouse,1106
Grupo Anaya Comercial,1107
Centro de la Cultura Canaria,1108
Coronet Books & Publications,1109
Meteor Publishing Corporation,1110
Oscar Italian,1111
Kent State Univ Pr,1112
West End Press,1113
Naiad Press,1114
Calyx Books,1115
University of Arizona Press,1116
Univ of Arizona Pr,1117
Incommunicado Press,1118
Morrow,1119
Aunt Lute Books,1120
scholastic,1121
"Ullstein-Taschenbuch-Verlag, Zweigniederlassung der Ullstein Buchverlage GmbH",1122
Trans-Atlantic Publications,1123
Sheldon Press,1124
Rizzoli - RCS Libri,1125
Edilesa,1126
International Specialized Book Services,1127
Galleria Gottardo,1128
Ameghino,1129
Residenz,1130
Paulist Press,1131
Biblioteca universale Rizzoli,1132
Adelphi Book Shop Ltd,1133
Green River Pub,1134
Magna Large Print Books,1135
Edimat Libros,1136
Aims Intl Books,1137
AMI Books,1138
Broadman & Holman Publishers,1139
Dell Publishing,1140
Harrington Park Press,1141
Alyson Pubns,1142
Mastermedia Publishing Company,1143
Wildcat Press,1144
Penguin Highbridge Audio,1145
Ocean Tree Books,1146
Out There Press,1147
"Stuart, Tabori and Chang",1148
Univ of Chicago Pr,1149
Aslan Publishing,1150
Kurtzman Sales Inc,1151
Independent Music Press,1152
Everyman Publishers,1153
Laurel,1154
North River Press,1155
"Insel, Frankfurt",1156
Ullstein,1157
"Reclam, Leipzig",1158
Bonzobucks & Books Pub,1159
NewSage Press,1160
Perennial Classics,1161
Bantam Doubleday Dell Publishing Group,1162
Red Deer Press,1163
Urano Ediciones S.A.,1164
Fireside Books,1165
Summit University Press,1166
Totem Books,1167
Gold Leaf Press (MI),1168
Liguori/Triumph,1169
Mercury Publishing (NC),1170
Whitaker House,1171
Charles T. Banford Company,1172
Wellspring/Ballantine,1173
Aquarian Press,1174
Barnes & Noble Inc,1175
Allen & Unwin,1176
Sterling Pub Co Inc,1177
Simon and Schuster,1178
Llumina Press,1179
Penguin,1180
Blue Mountain Arts,1181
Points French,1182
Citadel Trade,1183
HarperCollins UK,1184
Rocher,1185
MIT Press,1186
McGraw-Hill/Contemporary Books,1187
Harpercollins Canada,1188
Lonely Planet,1189
Editions Flammarion,1190
Jose Corti,1191
M\C3?Â©taili\C3?Â©,1192
European Book Co,1193
Presses pocket,1194
T A N Books & Publishers,1195
Playboy Mass Market Paperbacks,1196
St Martins Pr (Mm),1197
Wilshire Book Company,1198
Bassermann,1199
Jonlin Books,1200
Napoleon Publishing,1201
Northlight Communications,1202
Penguin (Non-Classics),1203
PaperStar Book,1204
The MIT Press,1205
Pearson Professional Education,1206
Marsilio Editori,1207
A. Mondadori editore,1208
Rizzoli,1209
"Penguin Books, Limited (UK)",1210
William Heinemann,1211
Icon Books,1212
BBC,1213
Element Books Ltd,1214
Coronet Books,1215
Temas de Hoy,1216
Shi Bao,1217
Crown Publishing Group (NY),1218
Bear & Company,1219
Lucis Publishing Company,1220
Collins,1221
Little Bookroom,1222
Collectors Press,1223
WND Books,1224
Carol Publishing Corporation,1225
Arbor House,1226
Nouvelles Editions,1227
Angus & Robertson,1228
Moyer Bell Ltd.,1229
Que,1230
Putnam Adult,1231
Better Homes and Gardens Books,1232
Cq Products,1233
Betty Crocker,1234
Guinness World Records Ltd.,1235
Amsco School Pubns Inc,1236
Theatre Communications Group,1237
Marian Wood Book,1238
Pagefree Publishing,1239
Cork Hill Press,1240
Wiley Publishing,1241
Talk Miramax Books,1242
Pemberley Press,1243
Heartsong Presents,1244
Heartstone,1245
Safe Goods/New Century Publishing 2000,1246
Bantam Books (Mm),1247
Galahad Books,1248
Element Books Ltd.,1249
Mosby Publication,1250
University of Queensland Press,1251
Diamond/Charter,1252
Arrow (A Division of Random House Group),1253
Bulfinch,1254
Athenum,1255
Schoenhofs Foreign Books,1256
Folio,1257
Mille et Une Nuits,1258
A.Mondadori,1259
Schoenhof Foreign Books Inc,1260
Editions 10/19,1261
Bompiani,1262
"Allen & Unwin Pty., Limited (Australia)",1263
Hannover House USA,1264
Main Street,1265
Disney Press,1266
Abdo & Daughters Publishing,1267
Silver Burdett Pr,1268
Jump Sun,1269
Seashell Books,1270
University Press of Kentucky,1271
Berkeley Books,1272
Weidenfeld and Nicolson,1273
"C. W. Daniel Company, Ltd.",1274
Lester Pub Ltd,1275
Firefly Books (J),1276
Groundwood Books,1277
Villard,1278
Wordsworth Editions Ltd,1279
Turpial,1280
Alba,1281
Ronsel,1282
Orion Publishing Co,1283
Warner Futura,1284
Little Simon,1285
Bridge of Love Publications UK,1286
Titan Books,1287
Bernard Babani (Publishing) Ltd,1288
Rowohlt Taschenbuch Verlag GmbH,1289
Wheeler Publishing,1290
Subterranean Press,1291
American Book Publishing Group,1292
Arena,1293
Crown Publishers,1294
Front Street,1295
Mutual Pub,1296
Cool Springs Press,1297
Muchnik Editores,1298
Coffee House Press,1299
Northfield Press,1300
National Book Network,1301
Time Inc Home Entertainment,1302
Barrons Educational Series Inc,1303
Humble Creek,1304
"Barclay Books, LLC",1305
"Banta & Pool Literary Properties, LLC",1306
Jain Publishing Company,1307
Light Works Pub,1308
University Press of New England,1309
TurkeyFoot Press,1310
Lippincott Williams & Wilkins,1311
Osprey Publishing (UK),1312
Baker Pub Group,1313
Paperjacks,1314
Hodder & Stoughton Ltd,1315
Sphere Books Limited,1316
McArthur & Company,1317
HarperCollins Entertainment,1318
American College of Obstetricians & Gynecolog,1319
Harvard Common Press,1320
Henry Holt and Co.,1321
Corgi Adult,1322
Toby Press,1323
I.M.P. Fiction,1324
Second Story Press,1325
Open Court Publishing Company,1326
Holmes Publishing Group,1327
Harperentertn,1328
Book Peddlers,1329
McGraw-Hill Osborne Media,1330
Tommy Nelson,1331
Crossroad Publishing Company,1332
PublishAmerica,1333
Pointe Pubs,1334
Passport Books,1335
NTC/Contemporary Publishing,1336
Limelight Editions,1337
Turnstone Press,1338
Insomniac Press,1339
Faber and Faber Ltd,1340
Bess Press,1341
Waveland Press,1342
BOA Editions,1343
Duke University Press,1344
iUniverse.com,1345
Birch Brook Press,1346
Alianza Editorial,1347
Diana,1348
McClelland & Stewart Ltd,1349
Studio Loplop,1350
Wiley John & Sons,1351
Kogan Page,1352
Financial Times Prentice Hall,1353
Firebird Distributing,1354
Viking Press,1355
Essence Communications,1356
Wilhelm Goldmann Verlag GmbH,1357
Rodale Books,1358
Palgrave Macmillan,1359
Liamworks,1360
distributed by Harper & Row,1361
Dragonfly Books,1362
Siruela,1363
Grupo Oceano,1364
Debols!llo,1365
Pubs Wholesale,1366
Simon Schuster,1367
Anchor (UK),1368
Minerva Press Ltd.,1369
Harvest House Pub,1370
Continental Book Co Inc,1371
Ideal Foreign Books,1372
The International Library of Poetry,1373
Natl Reference Inst Pubns,1374
Tsar Publications,1375
Fine Edge Publications,1376
H B Fenn & Co,1377
Granite Impex Ltd,1378
NeWest Press,1379
Bridge Works Publishing Company,1380
Diffusion Hachette,1381
Rutgers Univ Pr,1382
Blue Dolphin Publishing,1383
Oneworld Publications,1384
Peta Publications,1385
E.P. Dutton,1386
Betterway Books,1387
Bluedoor Publishing,1388
Ocean Cruise Guides,1389
Dove Books,1390
Crossroad General Interest,1391
Recorded Books,1392
Outlet Books Company,1393
Destiny Books,1394
EdiÃ§Ãµes ASA,1395
Kodansha International (JPN),1396
"Earthlight Press, Limited",1397
Good News Publishers,1398
Chariot Victor Publishing,1399
Crossway Books,1400
Adventist Book Center New Jersey,1401
Steerforth Press,1402
Bloomsbury Publishing Plc,1403
Taylor Trade Publishing,1404
Headline Book Publishing,1405
Academy Chicago Publishers,1406
HSA Publications,1407
Lomond Publications Inc,1408
Third World Press,1409
U.S. Games Systems,1410
Constable and Company Ltd,1411
Boru Books,1412
American Federation of Astrologers,1413
Ravensburger Buchverlag,1414
Apple Classics (Scholastic),1415
"Fresh Squeezed Books, LLC",1416
Mentor Books,1417
Dell Pub,1418
T S R,1419
Turner,1420
"ConsejerÃ­a EducaciÃ³n y Cultura, DirecciÃ³n General de AcciÃ³n Cultural",1421
White Wolf Pub,1422
Pomegranate Communications,1423
Smithmark Publishers,1424
First Glance Books,1425
Akron Art Museum,1426
Sierra Club Books,1427
Macmillan,1428
Simon & Schuster Adult Publishing Group,1429
Random House~childrens,1430
Walker & Co,1431
Grijalbo,1432
P.O.L.,1433
Barnes & Noble,1434
Crescent Books,1435
Eckankar,1436
United States Institute of Peace,1437
Avenel Books,1438
Marlboro Press,1439
Anatolian Treasures,1440
Cardoza,1441
Pegasus Publications,1442
Biblioteca Universale Rizzoli,1443
Bethany House,1444
Houghton Mifflin School,1445
Silhouette Books,1446
PaperJacks,1447
Scholastic Inc.School Market Edition,1448
Volo Paperbacks,1449
Merriam Webster,1450
General Distribution Services,1451
Cassell,1452
Marion Boyars Publishers,1453
Imprint Books,1454
Ladybug Pub Llc,1455
Reignbow,1456
Little Apple Books (Scholastic),1457
Random House Childrens Pub (Mm),1458
Scholastic Inc.,1459
Seix Barral,1460
Schoenhofsforeign Books Inc,1461
Arrow,1462
Obsidian Pub Pr,1463
Silverback Books,1464
Cantwell Hamilton Pr,1465
3f Publications,1466
Necro Pubns,1467
Cemetery Dance Pubns,1468
Bloodletting Pr,1469
Overlook Connection Press,1470
Ateneo De Manila Univ Pr,1471
Luso Brazilian Books,1472
Aguilar,1473
Errepar,1474
Longseller,1475
Lectorum Pubns (Adult),1476
Ariel,1477
Orchard Books (NY),1478
Irish Books & Media,1479
Harcourt Young Classics,1480
Gallimard Jeunesse,1481
"Talonbooks, Ltd.",1482
Prentice Hall (Sd),1483
Black Rose Books,1484
University of British Columbia Press,1485
Harbour Pub Co,1486
Nelson Canada,1487
Phoenix Press (UK),1488
Attack International,1489
Women's Press,1490
Lorenz Books,1491
Ondorisha Publishers,1492
Zander eBooks,1493
"Holt, Rinehart and Winston",1494
Hoffmann und Campe,1495
Sophia Institute Press,1496
Sterling,1497
"Landoll, Inc.",1498
Bookpartners,1499
Kidsbooks,1500
Grolier Book Club Edition,1501
Zondervan (J),1502
"Precious Life Books, Incorporated",1503
Kingfisher,1504
Austin & Nelson,1505
"\Otokar Kersovani\""""",1506
Znanje,1507
House of Stratus,1508
Smooch,1509
Chariot Victor Pub,1510
Demeter Press,1511
Global Book Publisher,1512
Drew Marketing & Productions,1513
Tyndale House Pub,1514
De Arbeiderspers,1515
Marlowe & Company,1516
S. Fischer,1517
Schroeder M.V.,1518
Carl Hanser Verlag,1519
Hanser Belletristik,1520
Hard Shell Word Factory,1521
H.N. Abrams,1522
Rob Weisbach Books,1523
Magellan Press (TN),1524
Chicken House,1525
HarperCollins Canada,1526
Abingdon Press,1527
Bantam Pr Ltd,1528
Podium,1529
Kings Court Communications,1530
Wydawn. Literackie,1531
"List, Verlag GmbH & Co. KG Paul",1532
Ullstein Buchverlage GmbH & Co. KG / Ullstein Tas,1533
Arche Verlag,1534
List Tb.,1535
Harmony Books,1536
Louisiana State University Press,1537
Word,1538
New Leaf Pr,1539
Fawcett Popular Books,1540
Branson Creek Press,1541
River Road Press (MO),1542
Intercultural Press,1543
Barney Publishing,1544
Dressler Verlag,1545
Le Livre de poche,1546
Virago,1547
Bloomsbury USA,1548
Consumers Union U.S.,1549
Fleming H. Revell Company,1550
Carlsen,1551
Compass Books,1552
Bantam Books for Young Readers,1553
Palisades,1554
Angsana Books,1555
Bantam Skylark Book,1556
McGraw-Hill/Contemporary,1557
Blast Books,1558
Writers & Readers Publishing,1559
Leathers Publishing,1560
Llewellyn Espanol,1561
Banner of Truth,1562
Thunder Bay Press (CA),1563
Baker Books,1564
Critics Choice Paperbacks/Lorevan Publishing,1565
Red Wheel,1566
Kein & Aber,1567
Beyond Words Publishing,1568
Topaz,1569
Coach House,1570
Harperperennial,1571
Editorial Planeta,1572
L. Stuart,1573
Books on Tape,1574
Minerva,1575
"Scott, Foresman",1576
Gayot,1577
Coriolis Group Books,1578
Crown Publishing Group,1579
"Women's Press, Ltd. (UK)",1580
"Dell Publishing Co., Inc.",1581
Perennial (HarperCollins),1582
Frederick Fell Publishers,1583
Britain Books,1584
Vintage/Ebury (A Division of Random House Group),1585
Novello Festival Press,1586
RiverOak Publishing,1587
Welcome Rain,1588
Johnson Books,1589
Rhapsody Press,1590
National Writers Press,1591
Soft Skull Press,1592
Fount,1593
Sheridan Square Press,1594
Thirsty Books,1595
Portfolio,1596
"2nd Avenue Publishing, Inc.",1597
Rockhouse Press,1598
Five Star (ME),1599
Xerais,1600
New Canadian Library,1601
Harrison House,1602
"Cedar Fort, Inc",1603
Deseret Book Co,1604
Salamander Books Ltd,1605
Foxrock Books,1606
Hunter Publishing+inc,1607
Burford Books,1608
Dutton Children's Books,1609
Tundra Books (NY),1610
QuÃ©bec AmÃ©rique,1611
"Comex Systems, Incorporated",1612
DK Ink,1613
Abbeville Press,1614
Navpress Publishing Group,1615
Sterling Pub. Co,1616
Navpress,1617
Brown Books,1618
Amer Book Pub,1619
River Publishing,1620
Made E-Z Products,1621
Avery Publishing Group,1622
Image F/X Publications,1623
John Edward (HAYLO),1624
"Icon Group International, Inc.",1625
Firebird Books,1626
Cliff Street Books,1627
Simon & Schuster Merchandise &,1628
SAMS,1629
Pearson Education POD,1630
Wide World Publishing,1631
Warner,1632
GuildAmerica Books,1633
Dorchester Publishing Company,1634
"Kr\C3?Â¼ger, Frankfurt",1635
Labyrint,1636
Eumo Editorial,1637
Heinle & Heinle Publishers,1638
Autrement,1639
Univ Puerto Rico Pr,1640
Taifa,1641
Archipel,1642
L'Aventurine,1643
Era,1644
Ticknor & Fields,1645
Harper SanFrancisco,1646
Backinprint.com,1647
Sky Blue Press,1648
Black Swab,1649
Econ Tb.,1650
Langen/M\C3?Â¼ller,1651
Assn for Public Transportation,1652
Guilford Publications,1653
"Diffusion, DimÃ©dia",1654
Smart Art Press,1655
Fusion Press,1656
Editorial Anagrama,1657
Vicens Vives,1658
Ediciones Destino,1659
Tilbury House Pub,1660
Berg Publishers,1661
Harcourt Children's Books,1662
Mondadori Italian,1663
South Asia Books,1664
Dunmore Press,1665
Tusquets USA Pub,1666
Presbyterian Pub Corp,1667
Rider,1668
Parallax Pr,1669
Snow Lion Publications,1670
Chelsea Green Pub. Co,1671
Rudra Press,1672
Baleine,1673
Walter-Verlag,1674
Frankfurter Verlagsanstalt,1675
Inventeam Llc,1676
Frederick Ungar,1677
Penguin/Puffin Mass Market,1678
Oxford Univ Press,1679
F & W Pubns,1680
Barron's,1681
Merriam-Webster,1682
Microsoft Press,1683
distributed by Hawthorn Books,1684
Ortho Books,1685
Fifth House Publishers,1686
PublicaÃ§Ãµes Dom Quixote,1687
Yale Univ Pr,1688
Cellar Book Shop,1689
East West Discovery Press,1690
Amer Psychological Assn,1691
Kitchen Table--Women of Color Press,1692
Hidden Valley Pr,1693
Independent Spirit Publishing,1694
McSweeney's Books,1695
Eakin Press,1696
Elsevier Science Health Science div,1697
Kaplan,1698
"Octagon Press, Limited",1699
Longmeadow Press,1700
"George Weidenfeld & Nicholson, Ltd.",1701
Piccadilly Press,1702
Virgin Books,1703
Little Hare,1704
Haymon,1705
Chivers North Amer,1706
Hodder Children's Books,1707
Children's Classics,1708
National Geographic,1709
Lowell House,1710
E D C Pub,1711
Clarion Books,1712
Penguin Books Australia Ltd,1713
Green Tiger Press,1714
Golden Press,1715
DK Publishing Inc,1716
Annick Press,1717
Harcourt Paperbacks,1718
Meadowbrook Press,1719
Williamson Publishing Company (VT),1720
Teacher Created Materials,1721
Globe Pequot,1722
GR Publishing,1723
Clara Pub,1724
Diffusion Harmonia Mundi,1725
Librairie Generale Francaise,1726
SynergEbooks,1727
"Moderne Verlagsges., M.",1728
"Herder, Freiburg",1729
22/7 Publishing Company,1730
Book Pub. Co.,1731
Bonanza Books,1732
Quill,1733
"Barron's Educational Series, inc",1734
Cartwheel Books (Scholastics),1735
Sheridan House,1736
Rough Guides,1737
Rough Guides Limited,1738
Aulis Verlag Deubner,1739
Campo das Letras,1740
Publicacoes Dom Quixote,1741
Dalmatian Press,1742
CÃ¡tedra,1743
Santillana S.A. (ES),1744
Soft Editions Ltd,1745
Plaza & Janes Editor,1746
Ediciones B Mexico S.A. de C.V.,1747
"Editorial Seix Barral, S.A.",1748
Giron Spanish Books Distributors,1749
Continuum International Publishing Group,1750
Great Ad Ventures,1751
"Wings ePress, Inc.",1752
"SPC Press, Inc.",1753
Sunset Publishing Corporation,1754
Oxmoor House,1755
Council Oak Books,1756
Berrett-Koehler Pub,1757
Jove Pubns,1758
Poolbeg Press Ltd,1759
Pocket Books (Mm),1760
Thunder's Mouth Press,1761
Abacus (UK),1762
Pan Books - Macmillan UK,1763
Corgi Books,1764
V. Gollancz,1765
Victor Gollancz,1766
CDs Books,1767
Tokyopop,1768
World Publications,1769
TokyoPop,1770
Thomas Allen & Son,1771
Santillana USA Pub Co Inc,1772
Little Brown Uk,1773
Westminster John Knox Press,1774
Bloomsbury Publishing (NY),1775
Quality Paperback Book Club,1776
Orthopedic Physical Therapy Product,1777
Raintree/Steck Vaughn,1778
Planeta Editorial S A,1779
btb bei Goldmann,1780
Berliner Taschenbuchverlag,1781
Haffmans Verlag,1782
Owl Publishing Company,1783
Shaye Areheart Books,1784
Mercier Press / Marino Books,1785
Red Card Publishing,1786
Alice Street Editions,1787
Hodder & Stoughton Childrens Division,1788
Pan Books in association with Secker & Warburg,1789
Mosaic Press,1790
Allyn & Bacon,1791
Editora Record,1792
Herald Pr,1793
Whitecap Books,1794
Blackwell Publishers,1795
Augsburg Fortress Publishers,1796
Nottingham Publishing,1797
Rebus,1798
Wynwood,1799
Sovereign Publishing,1800
Antioch Publishing Co,1801
Greenhaven Press,1802
"Black Swan Books, Limited",1803
SelectBooks,1804
Blue Moon Books,1805
Crescent,1806
McClanahan Book Company,1807
Angel Fire Press,1808
Media Books Audio Publishing,1809
Cinco Puntos Press,1810
Excelsior Entertainment,1811
Pss Adult,1812
Penguin Merchandise,1813
Friedman/Fairfax Publishing,1814
Prima Games,1815
Pinnacle Books (Mm),1816
Accelerated Christian Education,1817
Regnery Publishing,1818
MacMillan Inc,1819
Pitman Publishing,1820
Apricot Press,1821
Stephens Press LLC,1822
Lynx Books,1823
Studio Books,1824
High Times Press,1825
Odile Jacob,1826
Jo\C3?Â«lle Losfeld,1827
Monolith Graphics,1828
Creative Publishing International,1829
Darby Creek Publishing,1830
Thornton Publishing,1831
Jlr Pub,1832
JLR Publishing,1833
Zenobia Press,1834
Mondadori,1835
University Books,1836
Paulist Pr,1837
Paul & Co Pub Consortium,1838
HarperCollins New Zealand,1839
PageFree Publishing,1840
Buccaneer Books Inc,1841
Express Newspapers,1842
Penguin U S A,1843
Lettermen Publishing,1844
Scholastic Ltd,1845
IGC Australia (In Good Care),1846
Larcom Press,1847
Luchterhand Literaturverlag,1848
Adventure Publications,1849
Renaissance eBooks,1850
Lark Books (NC),1851
Falcon,1852
Apress,1853
Underwood Books,1854
Exley Giftbooks,1855
Bewrite Books,1856
Edgehill Books,1857
J Countryman Books,1858
Harlequin Books,1859
Margaret K. McElderry,1860
Penguin Books in association with Dynamo Press,1861
World of Poetry Pr,1862
Wadsworth Publishing Company,1863
Reaching Beyond the Breaks,1864
Ikar,1865
NÃ¡rodnÃ¡ obroda,1866
S & M Books,1867
RabÃ©n Prisma,1868
The Feminist Press at CUNY,1869
AssÃ­rio & Alvim,1870
Madions Marketing,1871
Howell Book House,1872
Hippocrene Books,1873
TFH Publications,1874
Voyageur Pr,1875
Eagle Feather Press,1876
"Farra, Straus & Giroux, Inc.",1877
Frederick Warne and Company Inc,1878
Apple (Scholastic),1879
Lerner Pub Group,1880
"Al-Anon Family Group Headquarters, Inc.",1881
Objetiva,1882
A. Deutsch,1883
Harbour Publishing,1884
Quaternion Press Publishing House,1885
Pan Macmillan Australia Pty Ltd,1886
Lake Claremont Press,1887
Airmont Pub Co,1888
Schocken,1889
Anaya Multimedia,1890
Contact,1891
Treasure House,1892
Dufour Editions,1893
W.H.A,1894
Harlequin Mills & Boon Ltd,1895
DUMONT Literatur und Kunst Verlag,1896
Nymphenburger,1897
Karl Rauch Verlag,1898
Lippincott,1899
Rayo,1900
Texas Western Press,1901
Seven Hills Books,1902
Horizon Books,1903
One Planet Publishing House,1904
Edicionces Destino S.A.,1905
Downtown Book Center (Sd),1906
Blake Publishing Ltd,1907
Virago Press (UK),1908
Crime Line,1909
Compcare Publications,1910
Editions J'Ai Lu,1911
Emece/Argentina,1912
White Cloud Press,1913
Grafisk,1914
George Braziller,1915
Aperture,1916
Andrews McMeel Pub,1917
Baskerville Publishers Inc.,1918
Dutton,1919
Trans-Atlantic Pubns,1920
Orbis Books,1921
Westview Press,1922
Humanist Press,1923
Skinner House Books,1924
Rutgers University Press,1925
Tuttle Pub,1926
Pluto Press (UK),1927
ECW Press,1928
Consortium,1929
Eerdmans Pub Co,1930
M. Joseph,1931
Unwin Hyman,1932
Distributed in the U.S. by Billboard Books,1933
Gullane Children's Books Ltd,1934
Guinness World Records Ltd,1935
Omnibus Press,1936
Tascabili degli Editori Associati (TEA),1937
Anabasi,1938
Spuyten Duyvil,1939
"Hungry Minds, Inc",1940
Vantage Pr,1941
Fitzhenry & Whiteside Ltd,1942
Exisle Publishing Ltd,1943
Albin Michel,1944
Let's Go Publications,1945
Shoal Bay Press,1946
William Heinemann Australia,1947
TM Production,1948
Boston Mills Press,1949
Simon & Schuster Mass Market,1950
Bookthrift Co,1951
Aufbau-Verlag,1952
South-Western College Pub,1953
Penguin Books India,1954
Scepter Pubs,1955
Raincoast Books,1956
New Millennium,1957
Simon & Schuster (A),1958
Vassallucci,1959
Visual Studies Workshop,1960
eReads.com,1961
Cartwheel Books,1962
Reed New Zealand,1963
Mcclelland Stewart Inc,1964
Nation Books,1965
Dafina,1966
Eric S. Rosen Publishing,1967
MacFarlane Walter & Ross,1968
Element Books,1969
Hohm Press,1970
Cal-Earth Press,1971
Escalator Press,1972
Penguin Books Canada,1973
Base Camp Books,1974
McArthur Publishing,1975
Benbella Books,1976
"Landfall Press, Incorporated",1977
Thames and Hudson Ltd,1978
Matador,1979
Universe Publishing,1980
Stand Together Publishers,1981
Hill & Wang Pub,1982
Concordia Pub House,1983
300Incredible.com,1984
300incredible.com,1985
Gospel Light Pubns,1986
Pearson Prentice Hall,1987
Overmountain Press,1988
Knightsbridge Pub Co Mass,1989
Bruno Gmunder Verlag Gmbh,1990
Kensington Publishing Corp,1991
St. Martin's True Crime,1992
Kay Dee Books,1993
"Boxtree, Limited",1994
F. Watts,1995
Walking Stick Press,1996
North Light Books,1997
Salamander Books,1998
Lone Pine Publishing,1999
Methuen Drama,2000
Firefly Books [distributor],2001
Camden House (NY),2002
Quest Books (IL),2003
"Camden House Publishing (Ontario, CA)",2004
"White Lotus Co., Ltd.",2005
Dutton Adult,2006
Harcourt Inc,2007
Marsilio,2008
Bompiani Italian,2009
Lectorum Pubns Inc,2010
Macmillan Distribution,2011
Libsa,2012
Bantam Spectra,2013
Facts on File,2014
MetroBooks (NY),2015
Hill Wang,2016
Mountain Memories Books,2017
SÃ¶derstrÃ¶m,2018
Buccaneer Books,2019
Cedco Publishing Company,2020
Michelle Anderson Publishing,2021
Select Penguin (Mm),2022
Grasset,2023
Vega Books,2024
Abson Books,2025
Soho,2026
University of Wisconsin Press,2027
Distal,2028
Saqi Books,2029
Trotta,2030
Langenscheidt Publishers,2031
New Millenium Pr,2032
Federal Street Press,2033
Espasa-Calpe,2034
Rei Amer,2035
Sites/Lumen Books,2036
Ediciones Libertarias,2037
Bruguera,2038
Elliots Books,2039
Ardent Media Inc,2040
ISIS Large Print Books,2041
Smith & Kraus,2042
Vintage Of Random House,2043
Applause Theatre & Cinema Book Publishers,2044
Red River Books,2045
Princeton Univ Pr,2046
"Gill & MacMillan, Ltd. (Ireland)",2047
Consortium Book Sales & Dist (J),2048
Ecco (HarperCollins),2049
Goose Lane Editions,2050
Lady Chaterlys Library,2051
Daedalus Books,2052
Losada,2053
Everest Pub,2054
Eagle Brook,2055
Visible Ink Press,2056
iUniverse,2057
Power Press,2058
Fine Communications,2059
Ayer Co Pub,2060
Addison Wesley,2061
D.C. Heath,2062
Langenscheidt Pub Inc,2063
Smithsonian Books,2064
Kenneth Copeland Publications,2065
"Ivan R Dee, Inc.",2066
Jonathan Cape,2067
John Wiley & Sons (C),2068
C.R. Gibson Company,2069
Mustang Publishing Company (TN),2070
Louisiana State Univ Pr,2071
IndyPublish.com,2072
Holmes & Meier Publishers,2073
Distributed in the USA and Canada by International Specialized Book Services,2074
Javelin Pr,2075
Plenum Publishing Corporation,2076
Norvik Press,2077
Mary Book / Prelude Pr,2078
Editorial Debate,2079
E.D.C. Publishing,2080
Tempo Books,2081
Sovereign Books,2082
Apple Paperbacks (Scholastic),2083
Ellen C Temple Publishing Inc,2084
Playboy Paperbacks,2085
Sams,2086
UTN Publishers,2087
Gomer,2088
Roberts Rinehart Publishers,2089
RelÃ³gio d'\C3?gua,2090
"Koch, Neff & Oetinger & Co",2091
Loewe Verlag,2092
Destiny Image Publishers,2093
Ave Maria Press,2094
Victor Books,2095
Loyola Press,2096
Winding Stair Press,2097
Txalaparta,2098
New Millennium Press,2099
Haffmans,2100
Argon,2101
"Reclam, Ditzingen",2102
Regenbogen-Verlag,2103
Tyndale House Putlishers,2104
Focus on the Family Publishing,2105
Element Books Inc,2106
LPC Group,2107
Wrox Press,2108
Plaza y Janes,2109
Elsevier Advanced Technology,2110
Broccoli Books,2111
Viz Communications,2112
Fantagraphics Books,2113
Bedrick,2114
Central Park Media,2115
Jonathan Cape Children's Books,2116
Scholastic Hippo,2117
Orion Children's,2118
Piper Verlag GmbH,2119
Rotbuch,2120
"Rowohlt TB-V., Rnb.",2121
David Fickling Books,2122
Hesperus Press,2123
Prestel,2124
Jarrold Publishing,2125
Weidenfeld & Nicolson,2126
Bt Bound,2127
Steiner Books,2128
Faith Publishing Company,2129
Ladybird Books,2130
Bobbs-Merrill Co,2131
Merlin Press,2132
Sound Ideas,2133
Putnam Berkley Audio,2134
Stone Bridge Press,2135
Lumen Espana,2136
Tamtam Books,2137
Ulverscroft Large Print Books,2138
Lectorum Pubns,2139
F. H. Revell Co,2140
Independent Publishers Group,2141
Ueberreuter,2142
Coronet,2143
Suhrkamp Verlag,2144
Quill (Harper),2145
Mutual Publishing,2146
Northland Pub,2147
Horizon Book Promotions,2148
Image Comics,2149
Ballantine,2150
Wildside Press,2151
Tantor Media,2152
"Outrigger Publishing, LLC",2153
Ediciones Colihue,2154
Westcliffe Publishers,2155
Penguin India,2156
Distributed by Orient Longman,2157
Hale & Iremonger,2158
CRC Pr,2159
L'Ecole des loisirs,2160
Sorin Books,2161
Random House Large Print Publishing,2162
Ravenstone Press,2163
"Polestar Calendars, Ltd",2164
H.M. Gousha,2165
Prentice Hall (a Pearson Education company),2166
Ravette Publishing Ltd,2167
Harcourt Brace Jovanovich,2168
Publications Intl,2169
August House Publishers,2170
Libraries Unlimited,2171
Yellow Moon Press,2172
Highsmith Inc,2173
Silcox Productions,2174
Audio Partners,2175
"Ediciones Alfaguara, S.A.",2176
Temas'de Hoy,2177
University Press of Kansas,2178
Larousse,2179
Kindler Verlag GmbH,2180
Peachtree Publishers,2181
Wisdom Publications,2182
A R Hari,2183
Faber & Faber Ltd,2184
DuMont,2185
Barbour Bargain Books,2186
De Bezige Bij,2187
Saint Jude Media,2188
Wilhelm Heyne Verlag,2189
One World,2190
BelleBooks,2191
Harry N Abrams Inc,2192
Kana,2193
Poisoned Pen Press,2194
Penguin Books Australia Ltd.,2195
Published for the trustees of the British Museum by British Museum Publications,2196
Disney Pr (Jp),2197
Strand Pub,2198
Little Brown & Co (Jp),2199
Wyrick and Company,2200
Wizards of the Coast (Mm),2201
Ediciones Altera,2202
Kikar Publications,2203
TownHouse/Pocket Books,2204
A K Pr Distribution,2205
Stein Day Publishers,2206
Rugged Land,2207
Prentice-Hall,2208
Twilight Times Books,2209
Fontana Paperbacks,2210
ArkHaven Publications,2211
I B S Books Stocked,2212
Raincoast Book Dist Ltd,2213
Morrow/Avon,2214
"Real Comet Press, the",2215
Xlibris Corp,2216
Omnicon,2217
Minerva Press,2218
Totline Publications,2219
Natl Assn for the Education,2220
Gryphon House,2221
National Association for the Education of You,2222
Leche League International,2223
Multnomah Pub,2224
Moon Travel Handbooks,2225
Hastings House Book Publishers,2226
Nolo.com,2227
Anaya,2228
Plaza Y Janes Spanish,2229
Ediciones Paidos Iberica,2230
Ullstein Buchverlage Gmbh,2231
"Generalitat de Catalunya, Departament de Cultura",2232
Editorial Gustavo Gili,2233
DenÃ¶el,2234
Cook Communications Ministries intl,2235
"Chaplaincy Division, Correctional Service of Canada",2236
National Educational Service,2237
Peregrine Smith,2238
Gotham,2239
Sellerio,2240
Wilderness Press,2241
Harpercollins Childrens Books,2242
Hamish Hamilton Ltd,2243
New Amsterdam Books,2244
McGraw Hill Text,2245
Bast Books,2246
Barnes & Noble Books,2247
"Todtri Productions, Ltd.",2248
Santillana Ediciones Generales,2249
Hachette Jeunesse,2250
Aims Intl Books Corp,2251
Yo Yo Books,2252
El Ateneo,2253
Rockport Publishers,2254
Cleis Press,2255
Sourcebooks,2256
Disney Editions,2257
Einaudi Italian,2258
Sunburst,2259
Phoenix Press,2260
"Editorial Edaf, S.A.",2261
Follett Pub. Co,2262
Upline Press,2263
Unionsverlag,2264
Harlequin Sales Corp,2265
Tfh Pubns Inc,2266
FOLIO,2267
Dakota,2268
Allia,2269
Dakota Editions,2270
Beginning Press,2271
August House Pub,2272
Storey Publishing,2273
Random House Audio Publishing Group,2274
Travel Publishers International,2275
Univ of Oklahoma Pr (Trd),2276
Praeger,2277
Central Publishing Ltd,2278
Juno Books,2279
Dietz,2280
Econ,2281
S.P.I. Books,2282
Open Window Creations,2283
Smithmark Publishing,2284
Word Books,2285
Sourcebooks Inc,2286
Constable and Robinson,2287
Paraview Pocket Books,2288
Granta Books,2289
Seaview Books : trade distribution by Simon and Schuster,2290
On Demand Print,2291
Warner Paperback Library,2292
Temeron Books Inc,2293
Thistledown Press,2294
Putnam,2295
Somerville House Books,2296
Phoenix House,2297
Kane/Miller Book Publishers,2298
Verso,2299
McGill-Queen's University Press,2300
Greystone Publishing,2301
Blanvalet Verlag GmbH,2302
The Women's Press,2303
Screech Owls,2304
Steinhoist Books,2305
Harrington?,2306
Scholastic Signature,2307
Word for Today,2308
Kodansha Globe,2309
Northword Press,2310
Listening Library,2311
Wm. B. Eerdmans Publishing Company,2312
"Stewart, Tabori, & Chang",2313
Luis Vives Editorial,2314
People's Medical Society,2315
Macdonald & Co,2316
FC&A Publishing,2317
American Society of Civil Engineers,2318
Volo,2319
Holiday House,2320
Edicions dels Quaderns Crema,2321
Edicions Proa,2322
EmpÃºries,2323
Gallimard-Jeunesse,2324
Colin Smythe,2325
White Wolf Games Studio,2326
Unknown Publisher - Being Researched,2327
Chilton Book Co,2328
Lawrence Hill Books,2329
Poseidon Press,2330
Harlequin Sales Corp (Mm),2331
harlequin,2332
Aladdin Library,2333
Human Kinetics Publishers,2334
Nesfa Press,2335
ereads.com,2336
Shepherd Canyon Books,2337
Voyager Books,2338
Le Polygraphe,2339
First,2340
Pygmalion/GÃ©rard Watelet,2341
Putnam Pub Group (J),2342
J. Countryman,2343
Peace Corps,2344
Univ of California Pr,2345
New Island Books,2346
Hampton Roads Pub Co Inc,2347
"Dodd, Mead",2348
Marvel Entertainment Group,2349
Distributed by Random House,2350
Usborne Books,2351
Walker Books,2352
Pearson Schools,2353
Gallimard jeunesse,2354
Frederick Warne,2355
Presses Pocket,2356
Minuit,2357
Editions 10/20,2358
Medium Rare Books,2359
Demco Media,2360
Hyland House,2361
Random House Australia,2362
Macmillan Education Australia Pty Ltd,2363
Anita Roddick Books,2364
Virago Press,2365
List,2366
Univ Of Ca Press,2367
Hutchinson,2368
Petersons,2369
Concordia Publishing House,2370
New Millennium Audio,2371
Freedom Press,2372
Red Sea Press,2373
Teach Yourself,2374
"Dorian Welles Proprietary, Limited",2375
Carnegie Mellon University,2376
Fanfare,2377
McClelland and Stewart,2378
World Wide Publications,2379
Walker,2380
International Publishers,2381
Griffin Publishing Inc.,2382
Klutz Press,2383
New Society Publishers,2384
Serpent's Tail,2385
Touchstone Books,2386
Graphic Arts Center Publishing Company,2387
Wellness Institute,2388
Legacy Editions,2389
Pocketessentials,2390
Yale Nota Bene,2391
SAGE Publications,2392
Nicholas Brealey Intercultural,2393
Quill Press,2394
Kendall/Hunt Pub. Co,2395
Intl Center for Creative Thinking,2396
Delta Publishing,2397
Black Heron Press,2398
Washington State University,2399
Firebird,2400
Simon Spotlight/Nickelodeon,2401
Romance Alive Audio Books,2402
Channing L Bete Co,2403
Partera Press,2404
Champion Press Ltd,2405
La Leche League International,2406
Regina Press Malhame & Company,2407
Peter Pauper Press,2408
Time Warner Audio Books,2409
Gold Eagle,2410
Anchor Books,2411
Nelson Reference,2412
Syngress,2413
Illuminet Press,2414
Schiffer Publishing,2415
Vision Books,2416
Jodere Group,2417
Collins & Brown,2418
Book Publishing Company (TN),2419
New Riders Publishing,2420
Ace,2421
E P Dutton,2422
Mosby,2423
McKay,2424
Burnham Inc Pub,2425
Alfred Pub Co,2426
Bergin & Garvey Trade,2427
The Guilford Press,2428
St Martin's Press,2429
Madison Books,2430
Persephone Press,2431
Nelson,2432
Harlequin Enterprises,2433
Playboy Press,2434
Frassinelli,2435
Edizioni paoline,2436
Checkerboard Press,2437
Here's Life Publishers,2438
Nelsonword Publishing Group,2439
Bellwether Publishing,2440
Western Reflections Publishing Company,2441
Lion Publishing Corporation,2442
Twelfth Night Press,2443
Creative Education,2444
Bored Feet Publications,2445
Vine Books,2446
Descant,2447
Springer-Verlag Telos,2448
Autodidactic Press,2449
Barnes Noble Classics,2450
Pennsylvania State Univ Pr,2451
Milkweed Editions,2452
Microsoft Pr,2453
Papier-Mache Press,2454
LPC,2455
Johnson Institute/Hazelden,2456
New Win Publishing,2457
M. Evans and Company,2458
Course Technology,2459
C&T Publishing,2460
Goldencraft,2461
D. McKay,2462
Hammond,2463
Parkwest Pubns,2464
Addison-Wesley Pub. Co,2465
Allyn and Bacon,2466
Purnell,2467
Oxford Univ Pr (T),2468
Liguori Pubns,2469
Liguori Publications,2470
Wilcox & Follett Book Co,2471
"Scepter Publishers, Inc.",2472
Self-Counsel Press,2473
Harlan Davidson,2474
Hawthorn Books,2475
Blackwell Pub,2476
Bedford/st Martins,2477
Indiana University Press,2478
Harcourt Brace College Publishers,2479
Fontana,2480
Carlton Books Limited,2481
Folklore Publishing,2482
M E Sharpe Inc,2483
Brainwaves Books,2484
Greenwillow Books,2485
Kodansha Amer Inc,2486
Simon & Schuster (J),2487
Berkshire House Publishers,2488
Bell Tower Book,2489
Farrar Straus & Giroux (J),2490
Houghton Mifflin/Walter Lorraine Books,2491
Grolier Enterprises,2492
Clarkson Potter,2493
White Heron Pr,2494
DCI/Chronimed Pub.,2495
Henry Holt and Co. (BYR),2496
Applewood Books,2497
RB Books,2498
Joanna Cotler,2499
Consumer Guide Books,2500
New Messenger Books,2501
University of Missouri Press,2502
Scripture Pr Pubns,2503
Association for Supervision & Curriculum Deve,2504
Intervarsity Pr,2505
DeVorss & Co,2506
Peterson's,2507
21st Century Press,2508
McGraw-Hill/Contemporary Distributed Products,2509
Coffee and Cale,2510
HCI,2511
MIT Press International,2512
Lake Isle Press Inc,2513
Roaring Brook,2514
Spinsters Ink Books,2515
Spire Books,2516
Bridge Logos Pub,2517
Pacific Press Publishing Association,2518
Point,2519
GL Regal Books,2520
Christian Herald House,2521
Christadelphian Advancement Trust,2522
Bridgewater Books,2523
Spike,2524
Providence House Publishers,2525
Multnomah Press,2526
Lee & Low Books,2527
Seastar Books,2528
Cookbooks,2529
Walnut Grove Press,2530
Ulysses Travel Publications,2531
Tricycle Press,2532
Jamestown Publishers,2533
Turtle Point Press,2534
Blue Sky Press (AZ),2535
Marboro Books,2536
Sumrall Pub,2537
Paradigm Publications (MA),2538
Cooper Square Publishers,2539
Siglo XXI Ediciones,2540
Harper Children's Audio,2541
Circe,2542
Editorial Everest,2543
Ediciones del Norte,2544
Empresa Activa,2545
Alfaguara/Santillana Ediciones Generales,2546
"Santillana, S.A.",2547
Arete,2548
Noguer y Caralt,2549
Ld Books Inc,2550
La Liebre de Marzo,2551
Porrua,2552
Gaia,2553
Hispanoeuropea,2554
Editorial Kairos,2555
Herder & Herder,2556
Bruguera [etc.],2557
Urano,2558
Akal Ediciones,2559
Editorial Molino,2560
Accion Divulgativa,2561
Penthalon,2562
de Vecchi,2563
Juventud,2564
Richard Grandio,2565
Fallen Leaf Press,2566
Harpertorch,2567
Workman Publishing Company,2568
Center for Appalachian Trail Studies,2569
Menasha Ridge Press,2570
Caxton Publishing,2571
Continuum Intl Pub Group,2572
Paragon House Publishers,2573
Meteor Pub. Corp,2574
Jove,2575
Silhouette Books New York,2576
Kensington Books,2577
Univ of New Mexico Pr,2578
Jove Book,2579
New Falcon Publications,2580
Astro Communications Services,2581
Underwood Miller Inc,2582
Intl Imports,2583
Ashley Books,2584
Dobson,2585
Scott Publishing Company,2586
Virgin Virgin,2587
Scepter/Lir,2588
Droemersche Verlagsanstalt Th. Knaur Nachf. GmbH & Co,2589
Longman Group United Kingdom,2590
Swallow Press,2591
Masquerade Books Inc,2592
Acolyte Media,2593
"Books on Tape, Inc.",2594
Aah-Ha! Books Inc.,2595
Ladybird Books Ltd,2596
Creative Book Publishing,2597
Portage & Main Pr,2598
Booklines Hawaii Ltd,2599
Christian Publishing Services,2600
Wonder View Press,2601
Lyrick Studios,2602
Intl Specialized Book Service,2603
Newmarket Press,2604
Zebra Books (Mass Market),2605
Penguin USA (J),2606
Rr Bowker Llc,2607
Contemporary Books,2608
Montgomery Ewing Pub,2609
Distributed by Talman Co,2610
Time Warner Trade Publishing,2611
Focus on the Family Pub,2612
Hazelden Publishing & Educational Services,2613
Holloway House Pub Co,2614
Houghton Mifflin College Div,2615
Word Pub,2616
"Bess Press, Inc.",2617
2 13 61,2618
Sierra Club Books for Children,2619
Candlewick Pr,2620
Bamboo Ridge Press,2621
Consortium Book Sales & Distribution,2622
Acclaim Books,2623
Black Classic Pr,2624
Day Hike Books,2625
Storytellers Ink,2626
Western Pub. Co,2627
Golden Book,2628
Grolier,2629
Western Pub Co,2630
Bess Press Inc,2631
Namkoong Publishing,2632
"NBM Publishing, Inc.",2633
Berkley Trade,2634
Arsenal Pulp Press,2635
Quirk Books,2636
Palila Books,2637
Aspect Books,2638
Reed,2639
New Women's Press,2640
University of Otago Press,2641
Bookcraft,2642
Coach House Press,2643
St. Martin's Dead Letter,2644
Luath Press Limited,2645
Dorset House Publishing Co Inc,2646
Universe Books,2647
Prairie Valley Films-Literary Division,2648
Vasso Press,2649
Treasure Press,2650
Fretwater Press,2651
Two-Sixty Press,2652
Singing Reed Pr,2653
"Health Communications, Inc",2654
Bookspan,2655
"Dedalus, Ltd",2656
Blue Hen Books,2657
Mel Bay Publications,2658
Celebrity Books,2659
Ace Trade,2660
Pleasant Co,2661
Gibbs Smith Publishers,2662
Foreign Languages Press,2663
McPherson,2664
Writers Advantage,2665
Silver Whistle Books,2666
Krause Publications,2667
Company's Coming Publishing,2668
Hanging Loose Press,2669
Client Distribution Services,2670
Compass America Guides,2671
Oni Press,2672
Favorite Recipes Press,2673
Resources for Christian Living,2674
West Virginia Highlands Conservancy,2675
"Flower Valley Press, Inc.",2676
Univ Of Wa+press,2677
Fjord Press,2678
Winslow Press,2679
Zander Press,2680
Book Passage Press,2681
Rue Morgue Press,2682
Ashgate Pub Co,2683
White Boucke Pub,2684
Survival Books,2685
Harpercollins U,2686
Bounty Books,2687
Meisha Merlin Publishing,2688
Lagoon Books,2689
GMP,2690
NAL Accent,2691
Creation Books,2692
Gauntlet,2693
Bright Sky Press,2694
Cemetery Dance Publications,2695
Prime (OH),2696
Gauntlet Press,2697
Pub Overstock Unlimited Inc,2698
Tahrike Tarsile Qur'an,2699
Kids Can Press,2700
Atheneum/Anne Schwartz Books,2701
Bank Street Press,2702
Priddy Books,2703
Black Dog & Leventhal Pub,2704
Cross Generation Comics,2705
Arrow Press,2706
Michael Di Capua,2707
Megan Tingley,2708
T. Nelson,2709
Scholastic School Market Edition,2710
Charlotte Mason Research & Supply,2711
Leisure Arts Inc.,2712
Barrons Educational Series,2713
L.A. Weekly Books,2714
Heinemann Library,2715
Hot Off the Pr,2716
Catholic Answers,2717
Pauline Books & Media,2718
Sarto House,2719
Four Courts Press,2720
Peace Hill Press,2721
Ascension Press,2722
Charis Books,2723
Basilica Press,2724
Scholastic Junior Classics,2725
Dimension Books,2726
Dramatists Play Service Inc,2727
Parents Magazine Press,2728
Macmillan Pub. Co,2729
CompCare,2730
Trumpet,2731
Playmore Inc.,2732
Front Porch Press (MI),2733
Hci,2734
Slack Inc,2735
Origin Press (CA),2736
Science & Behavior Books,2737
Oak Tree Publications,2738
Publications International Ltd,2739
Kensington Mass Market,2740
Dodd Mead,2741
Karen Brown's Guides,2742
Synergy Pub,2743
Popular Library,2744
New Benjamin Franklin House,2745
Berkely Prime Crime,2746
Thomas t Beeler,2747
AMC Publishing,2748
New Amer Library Classics (Mm),2749
Indigo,2750
Torrance Publishing Company,2751
Eastman Kodak Co,2752
Harper Resource,2753
Twenty Third Pubns,2754
Gibbs Smith,2755
Ballantine Books (Mm),2756
Stein & Day Paperback,2757
Phoenix Publishing (WA),2758
Nordbook,2759
Whitston Publishing,2760
Inspirio,2761
Tristan Pub,2762
Hysteria Publications,2763
Harper San Francisco,2764
s.n.],2765
Bantam Doubleday Dell Pub (Trd),2766
Frommer,2767
Stoddart+publishing,2768
"Mesorah Publications, Limited",2769
McAfee Pub,2770
Mage Publishers,2771
Zoland Books,2772
American Fantasy,2773
American Management Association,2774
Behrman House Publishing,2775
Portfolio Hardcover,2776
St. Martin's True Crime Classics,2777
Intrigue Press,2778
EdiciÃ³ns Xerais de Galicia,2779
Grupo Imaginador,2780
Henry Holt & Co (J),2781
Kamlak Center,2782
Renaissance Books,2783
Penton Overseas,2784
Distributed by Independent Publishers Group,2785
Paperback Nova Audio,2786
Texas Cancer Center,2787
Duxbury Resource Center,2788
Coral Tree Publishers,2789
Pushpaparakashan,2790
Carlton Press Corporation,2791
Broadvision,2792
Health Horizons,2793
Sunny Rays Pr,2794
Atlasbooks Dist Serv,2795
Harcourt School,2796
Ash Tree Publishing,2797
Picasso Publications,2798
White Julip,2799
Thomas T. Beeler Publisher,2800
Creation House,2801
Hodder and Stoughton,2802
Classic Books,2803
Edito-Service,2804
Island Books,2805
Arbor House Publishing,2806
Konemann,2807
Dessain et Tolra,2808
Anne Carri\C3?Â¨re,2809
New Millennium Library,2810
Soft Editions Ltd Pod,2811
Librairie des Champs-Elys\C3?Â©es,2812
NiL Ã©ditions,2813
Les 400 coups,2814
Story Press Books,2815
Univ of Chicago Press,2816
Northwestern University Press,2817
Writers Digest Books,2818
Harper Collins Publishers,2819
Dreamhaven Bks & Art,2820
Wesleyan University Press,2821
Brunner-Routledge,2822
Specialty Press (FL),2823
Underwood-Miller,2824
Taylor & Francis Group,2825
Oliver-Nelson Books,2826
Joshua Odell Editions,2827
Visual,2828
Portable Press,2829
Bathroom Reader Press,2830
Random House of Canada Ltd.,2831
TV Books,2832
Polaris,2833
Advantage Publishers Group,2834
Lone Pine@ Publishing,2835
Hal Leonard,2836
Salem House Publishers,2837
Natl Book Network (J),2838
Baronet Books,2839
Hachette Litt\C3?Â©rature,2840
Serpent \C3?Â  plumes,2841
Presses de la Renaissance,2842
A. Michel,2843
Editions de l'Olivier,2844
Hors Collection,2845
Payot,2846
Arl\C3?Â©a,2847
Joseph K,2848
Les Emp\C3?Âªcheurs de penser en rond,2849
Zulma,2850
Le Pommier,2851
P.O.L,2852
Editions du Seuil,2853
Editions de Minuit,2854
Fayard,2855
\C3?ditions de Minuit,2856
La DÃ©couverte,2857
La D\C3?Â©couverte,2858
Editions Odile Jacob,2859
O. Jacob,2860
DesclÃ©e de Brouwer,2861
Livre de poche,2862
Mille et une nuits,2863
LemÃ©ac,2864
Julliard,2865
Editions F. Bourin,2866
F. Bourin,2867
Table ronde,2868
Magnard,2869
Payot-Rivages,2870
Le Dilettante,2871
Actes sud,2872
Made Simple,2873
Tuttle+publishing,2874
New Page Books,2875
Kiepenheuer Witsch Germany,2876
Orion Publishing Group,2877
"Harri Deutsch, Ffm.",2878
Savoy Books,2879
Ferdinand Schoningh Verlag GmbH,2880
Deutsch (Harri),2881
Wilhelm Heyne Verlag GmbH & Co KG,2882
Constable,2883
Hamlyn,2884
Reclam,2885
Herbig,2886
Kr\C3?Â¶ner,2887
Bona Fide,2888
Michie Company,2889
Meiner,2890
Aufbau-Taschenbuch-Verlag,2891
E. Climent,2892
Downtown Book Center Inc,2893
Heartways Press,2894
NK Lawn and Garden,2895
That Patchwork Place,2896
Skylight Paths Publishing,2897
Quilt in a Day.,2898
Words Distributing Co,2899
Jason Aronson,2900
Hearst Corporation,2901
Liturgical Press,2902
Prentice Hall PTR,2903
Wings Press,2904
Harcourt Brace (Canada),2905
Tudor Publishers,2906
Tilbury House Publishers,2907
Middle Atlantic Pr,2908
Keats Pub,2909
RH/Disney,2910
Family Christian Press,2911
Walter Lorraine Books,2912
Windsor Peak Press,2913
Hugh Lauter Levin Associates,2914
Usborne Publishing Ltd,2915
Blackie Children's Books,2916
Ravette Publishing Ltd.,2917
Hamlyn Publ Group Ltd,2918
Frederick Warne / Observer,2919
New Era Publications UK Ltd,2920
Petersons Guides,2921
Police Executive Research Forum,2922
"Daughters, inc.]",2923
Mixx Entertainment Inc,2924
CPM/Us Manga Corps,2925
John Wiley Sons,2926
Cyberactive Media Group,2927
Minnesota Historical Society Press,2928
Peachtree Pub Ltd,2929
Cracom Corp,2930
Southern Illinois University Press,2931
North Star Publications (MA),2932
Duffy and Snellgrove,2933
"SANDS Publishing, LLC",2934
Booklocker.com,2935
Naiad Pr,2936
Aerie,2937
Good Books,2938
Dar Us Salam Pubns,2939
University of Arkansas Press,2940
Possibility Press,2941
Bragg Live Foods,2942
Watson Guptill Publications,2943
Fantasy Flight Publishing,2944
Tetra Press,2945
Camino Books,2946
Demand Publications,2947
Brassey's Inc,2948
Naturegraph Publishers,2949
Copper Canyon Press,2950
"101 Productions; [distributed by Scribner, New York]",2951
McGraw Hill College Div,2952
McNally & Loftin Publishers,2953
Collins Pub San Francisco,2954
Permanent Press (NY),2955
Amer Hottieologists Assn,2956
Green Integer,2957
Cherrea Lea Books Ltd,2958
West Publishing Company,2959
Resurrection Press Ltd,2960
Andre and Lanier,2961
Council on Foreign Relations Press,2962
Running Pr,2963
Amber Quill Press,2964
Love & Logic Press,2965
Phaidon Press Inc.,2966
University of Nevada Press,2967
Bob Adams,2968
Published for the Crime Club by Doubleday,2969
Stonewall Inn Mysteries,2970
Keep-It-Simple,2971
Rodale Pr,2972
Norton*(ww Norton Co,2973
Pandora Press (GB),2974
"Teleonet, Incorporated",2975
Exeter House Books,2976
Fog City Publishers,2977
Sunstone Press,2978
Rivers Oram Press/Pandora,2979
Asylum Arts,2980
Harvard Business School Press,2981
HarperCollins (paper),2982
"Barricade Books, Inc.",2983
Sports Illustrated,2984
Gay Men's Press,2985
Paradise Press,2986
"Universe Publishing, Company, The",2987
Faithful Woman,2988
Ideals Publications,2989
Arkham House Publishers,2990
Editions Berlitz,2991
W. Morrow and Co,2992
Norton,2993
Lane Pub. Co,2994
United Electrical Radio & Machine Workers of,2995
University of Pittsburgh Press,2996
Penguin USA (T),2997
Health Publishing Company,2998
Templegate Publishers,2999
Samuel French Inc Plays,3000
City and Company,3001
Cole Group,3002
Birch Lane Press,3003
Twenty-Third Publications,3004
McGraw Hill Children's Pub,3005
Geneva Press,3006
Highlights for Children,3007
Inner Traditions,3008
Mercury House,3009
Perennial Dark Alley,3010
Parents as Partners Press,3011
Dell Yearling,3012
DAW,3013
Graphic Arts Technical Fndtn,3014
Rodale See St Martins,3015
Twayne Publishers,3016
Monarch Press,3017
Laurel Leaf Library,3018
Healing Arts Press,3019
Simon & Schuster Custom Publishing,3020
Wadsworth Publishing,3021
Texas Christian University Press,3022
Dushkin/McGraw-Hill,3023
George Ronald,3024
Past Times Publishing Co.,3025
Willow Creek Press,3026
"Europa, Hamburg",3027
K\C3?Â¶sel,3028
Main Street Press,3029
Wyndham Publications,3030
Barbour Pub Inc,3031
Upper Room Books,3032
Zondervan Pub. House,3033
Bridge-Logos Publishers,3034
Hunter Publishing,3035
distributed by Word Books,3036
Moody Press,3037
T. Nelson Publishers,3038
Merriam-webster+ Inc,3039
Fleming H Revell Co,3040
Music Sales Corp,3041
Paperblank Book Company,3042
Back to the Bible Publishing,3043
Covenant House,3044
Chivers Press Ltd,3045
Consumer Reports Books,3046
Junior League of Denver,3047
Moody Pr,3048
Running Press,3049
Bantam Doubleday Dell Pub (T),3050
Zondervan Books,3051
Greenwich Pub. Group,3052
Marbo Enterprises,3053
Leadership Education & Development,3054
Cameron & Company,3055
Martingale & Co Inc,3056
Bristol Publishing Enterprises,3057
Healthmark,3058
Viking Penguin Inc,3059
Arbeiderspers,3060
Triad Publishing@co Inc,3061
Tor Teen,3062
West End Games,3063
Pyramid Books,3064
"Dorchester Publishing Company, Incorporated",3065
Review and Herald Pub. Association,3066
Syracuse University Press,3067
Corgi,3068
Stealth Press,3069
Knightsbridge Pub. Co.,3070
Serpents Tail,3071
Executive Intelligence Review,3072
Valet Publishing,3073
Orchard,3074
"Warner Books, Incorporated",3075
"Barbour Publishing, Inc.",3076
Gregg Press,3077
Springer-Verlag,3078
Amer College of Obstetricians &,3079
Forward Movement Publications,3080
Gospel Light Publications,3081
Levin,3082
Sheed and Ward,3083
Honor Books (OK),3084
Devorss & Co (Txp),3085
George Wahr Publishing Company,3086
Perennial Library,3087
Interlink Publishing+group Inc,3088
"Concerned Publications, Incorporated",3089
Pacer Books,3090
Edward Fischer,3091
D. C. Cook Pub. Co,3092
Luna,3093
Joanna Cotler Books,3094
MacMillan Publishing Company,3095
Arden,3096
"Coward, McCann & Geoghegan",3097
Queens House,3098
Tower & Leisure Sales Co,3099
E. P. Dutton,3100
Scholastic Incorporated,3101
Sunset Productions,3102
Hurst & Blackett,3103
Troll Associates,3104
Palmer/Pletsch Publishing,3105
Free Spirit Publishing,3106
Write Way Publishing,3107
Arthur Vanous Co,3108
Granta (NY),3109
Abel Press,3110
Thomas Nelson(J),3111
Hiddigeigei Books,3112
Picture Yearling,3113
Bethel Publishing,3114
Backyard Scientist,3115
Cook Communications Ministries (J),3116
Worlds of Wonder,3117
Thunder Bay Press,3118
Atheneum/Richard Jackson Books,3119
Garrard Pub Co,3120
Moewig,3121
Gutsoon!,3122
Graphic-Sha Publishing,3123
ComicsOne Corporation,3124
Adobe Press,3125
Nantier Beall Minoustchine Publishing,3126
Sparkling Bay Books,3127
Sfbc Science Fiction,3128
Rowohlt Taschenbuch,3129
Siedler,3130
Seewald-Verlag,3131
Henssel,3132
Luchterhand Literaturverlag GmbH,3133
C.H. Beck Verlag,3134
Intl Book Import Service,3135
Companhia das Letras,3136
Unidad Editorial,3137
Vergara Editor S.A.,3138
"Aguilar, Altea, Taurus, Alfaguara, S.A. de C.",3139
Audiolibros Del Mundo Inc,3140
Emc Pub,3141
Giron Books,3142
"Grijalbo Mondadori, S.A",3143
Ediciones Martinez Roca,3144
"E-Rights/E-Reads, Ltd.",3145
Vergara,3146
Booket,3147
Espasa Calpe,3148
Sparknotes,3149
El PaÃ­s-Aguilar,3150
Martinez Roca,3151
M. E. Sharpe,3152
Timun Mas,3153
DreamWorks,3154
Critica,3155
Severn House Publishers,3156
Livre \C3?Â  la carte,3157
Paidos,3158
Hal Leonard Publishing Corporation,3159
Random House Audiobooks,3160
"Thorby Enterprises, Inc.",3161
Boulevard Books,3162
Lectorum Publications Inc,3163
"Beaufort Books, Inc.",3164
Brooks/Cole Publishing Company,3165
Windsor-Brooke Books,3166
HarperCollins Publishers Inc,3167
Quality Words in Print,3168
Riverhead Hardcover,3169
Rowman & Littlefield Publishing (via NBN),3170
Crossing Press,3171
Houghton Mifflin Co (J),3172
Klutz Pr,3173
Seven Dials,3174
B & T Books,3175
Worldwide Mystery,3176
Child's World Inc,3177
Imajinn Books,3178
Rowman & Littlefield (Non NBN),3179
Big Red Chair Books,3180
Anness Publishing,3181
Lifetime Books,3182
Boynton/Cook,3183
Workman Publishing Co Inc,3184
Viking Studio,3185
Pearson ESL,3186
Distribooks Intl,3187
Bridge Publications (CA),3188
Wiley Text Books,3189
Master Books,3190
Baby Einstein Company,3191
Rowman & Littlefield Pub Inc,3192
Red Letter Press,3193
Gay Sunshine Press,3194
Renaissance House,3195
Nolo.Com,3196
Signet Fiction,3197
"Farrar, Straus, Giroux",3198
"Mainstream Publishing Company, Ltd.",3199
Ohara Publications,3200
J. Fraser,3201
Absolute Press,3202
Michael Neugebauer Book,3203
"Editorial Diana, S.A.",3204
Tamesis Books,3205
Quiet Vision Pub,3206
Large Print Press,3207
Espasa-Calpe SA,3208
Mystery Masters,3209
Alfaguara Infantil,3210
Bookcassette,3211
Noguer,3212
Penguin Audiobooks,3213
Poolberg,3214
Faber and Faber,3215
"Justin, Charles & Co",3216
Northeastern University Press,3217
Alfred E Knopf,3218
JPS Publications,3219
Persea Books,3220
Pharos Books,3221
Knight-Ridder Press,3222
Atheneum Books,3223
Bdd Promotional Book Co,3224
GreatUnpublished.com,3225
Distribution by Smith Novelty Co,3226
Taschen,3227
Playwrights Canada,3228
Eris Publishing,3229
Harlan Davidson Inc,3230
Generation Books,3231
Ivan R. Dee Publisher,3232
